{"cameraMode":{"drawMode":0,"name":"Shaded","section":"Shading Mode"},"sceneLighting":false,"audioPlay":false,"sceneViewState":{"showFog":true,"showMaterialUpdate":false,"showSkybox":false,"showFlares":true,"showImageEffects":true,"showParticleSystems":true,"showVisualEffectGraphs":true,"m_FxEnabled":true},"in2DMode":false,"pivot":{"x":0.009325265884399414,"y":0.8799999356269836,"z":0.09933280944824219},"rotation":{"x":0.24997347593307496,"y":0.024316983297467233,"z":-0.003509825561195612,"w":0.9679520130157471},"size":7.4970383644104,"orthographic":false}