{"cameraMode":{"drawMode":0,"name":"Shaded","section":"Shading Mode"},"sceneLighting":false,"audioPlay":false,"sceneViewState":{"showFog":true,"showMaterialUpdate":false,"showSkybox":false,"showFlares":true,"showImageEffects":true,"showParticleSystems":true,"showVisualEffectGraphs":true,"m_FxEnabled":true},"in2DMode":false,"pivot":{"x":0.05535101890563965,"y":0.8799997568130493,"z":0.22491049766540528},"rotation":{"x":0.42139941453933718,"y":0.006801451090723276,"z":-0.0031604713294655086,"w":0.9068463444709778},"size":7.720386981964111,"orthographic":true}