{"cameraMode":{"drawMode":0,"name":"Shaded","section":"Shading Mode"},"sceneLighting":false,"audioPlay":false,"sceneViewState":{"showFog":true,"showMaterialUpdate":false,"showSkybox":false,"showFlares":true,"showImageEffects":true,"showParticleSystems":true,"showVisualEffectGraphs":true,"m_FxEnabled":true},"in2DMode":false,"pivot":{"x":-0.20955485105514527,"y":1.9889707565307618,"z":-0.35265636444091799},"rotation":{"x":0.24997347593307496,"y":0.024316983297467233,"z":-0.003509825561195612,"w":0.9679520130157471},"size":4.386044502258301,"orthographic":false}